Time(1),DrainI(1),DrainV(1),Time(1),SourceI(1),SourceV(1),GateI(1),GateV(1),,,,,,,,,Time(3),DrainI(3),DrainV(3),Time(3),SourceI(3),SourceV(3),GateI(3),GateV(3),,,,,,,,,Time(5),DrainI(5),DrainV(5),Time(5),SourceI(5),SourceV(5),GateI(5),GateV(5),Time(2),DrainI(2),DrainV(2),Time(2),SourceI(2),SourceV(2),GateI(2),GateV(2)
0.3410016,3.05178E-08,0,0.3410111,-3.02401E-08,8.6278E-06,9.7222E-09,0,,,,,,,,,12.1959,-1.05045E-08,0,12.1961,1.00407E-08,-9.046053E-07,-3.25565E-08,10,,,,,,,,,24.4486,3.81821E-08,0,24.449,-3.79142E-08,7.6244E-06,3.52053E-08,20,4.0614,1.189725E-07,0,4.0615,-2.359104E-07,-4.10434E-05,2.752818E-07,30
0.754939,6.8077E-06,0.05,0.7549504,-6.808E-06,-1.59578E-05,5.8992E-09,0,,,,,,,,,12.6684,1.64822E-05,0.05,12.6686,-1.64823E-05,2.91962E-05,-3.1266E-09,10,,,,,,,,,25.1426,2.70771E-05,0.05,25.143,-2.70788E-05,2.91962E-05,-1.20307E-08,20,4.3503,3.52817E-05,0.05,4.3503,-3.54105E-05,3.42134E-05,2.982226E-07,30
0.9209585,1.35557E-05,0.1,0.9209728,-1.35566E-05,3.42134E-05,8.2609E-09,0,,,,,,,,,12.6964,3.28441E-05,0.1,12.6966,-3.28452E-05,-2.09749E-05,-1.35161E-08,10,,,,,,,,,25.2922,5.39086E-05,0.1,25.2926,-5.39265E-05,-5.9236E-06,-1.25317E-08,20,4.4913,7.08009E-05,0.1,4.4914,-7.09528E-05,1.41448E-05,2.750117E-07,30
0.9488832,2.02726E-05,0.15,0.9488994,-2.02766E-05,1.41448E-05,-8.7064E-09,0,,,,,,,,,12.7169,4.90813E-05,0.15,12.7171,-4.90819E-05,-1.09407E-05,5.3364E-09,10,,,,,,,,,25.3127,8.06084E-05,0.15,25.3131,-8.06263E-05,2.91962E-05,-1.07773E-08,20,4.5045,0.0001061475,0.15,4.5046,-0.0001062894,2.41791E-05,2.679423E-07,30
0.969339,2.69426E-05,0.2,0.9693542,-2.69456E-05,-9.064679E-07,-1.2362E-08,0,,,,,,,,,12.874,6.52739E-05,0.2,12.8742,-6.52799E-05,3.42134E-05,9.3003E-09,10,,,,,,,,,25.3438,0.0001071091,0.2,25.3442,-0.0001071395,-9.064679E-07,-8.9459E-09,20,4.5177,0.0001415167,0.2,4.5178,-0.0001416664,3.92305E-05,3.107352E-07,30
0.9897966,3.34904E-05,0.25,0.9898128,-3.34919E-05,-3.10092E-05,-2.74E-09,0,,,,,,,,,12.8944,8.13851E-05,0.25,12.8947,-8.14133E-05,2.91962E-05,-1.05757E-08,10,,,,,,,,,25.3644,0.0001334181,0.25,25.3648,-0.0001334357,-1.09407E-05,9.6695E-09,20,4.531,0.0001763841,0.25,4.531,-0.0001765288,1.9162E-05,2.712658E-07,30
1.0177,4.01167E-05,0.3,1.0177,-4.01187E-05,2.41791E-05,-1.48044E-08,0,,,,,,,,,12.9149,9.73854E-05,0.3,12.9151,-9.74029E-05,-9.064679E-07,-9.4159E-09,10,,,,,,,,,25.3849,0.0001595733,0.3,25.3853,-0.0001595831,9.1277E-06,1.50453E-08,20,4.5442,0.0002112439,0.3,4.5443,-0.0002113962,1.41448E-05,2.443777E-07,30
1.0382,4.66441E-05,0.35,1.0382,-4.66463E-05,1.9162E-05,5.4185E-09,0,,,,,,,,,12.9354,0.0001133705,0.35,12.9356,-0.0001134052,-1.09407E-05,9.5594E-09,10,,,,,,,,,25.4054,0.0001856351,0.35,25.4058,-0.0001856397,-2.09749E-05,4.3087E-09,20,4.5574,0.0002459676,0.35,4.5575,-0.0002461173,1.9162E-05,2.687592E-07,30
1.1952,5.32378E-05,0.4,1.1952,-5.32606E-05,3.42134E-05,9.3593E-09,0,,,,,,,,,12.9559,0.0001293052,0.4,12.9561,-0.0001293267,-9.064679E-07,1.35344E-08,10,,,,,,,,,25.4334,0.0002115104,0.4,25.4338,-0.0002115299,-1.59578E-05,1.71447E-08,20,4.5707,0.0002803508,0.4,4.5708,-0.0002804853,4.1106E-06,2.63947E-07,30
1.2157,5.98321E-05,0.45,1.2157,-5.98466E-05,4.1106E-06,-1.01732E-08,0,,,,,,,,,12.9764,0.0001452525,0.45,12.9766,-0.0001452835,-2.09749E-05,4.0638E-09,10,,,,,,,,,25.4539,0.000237315,0.45,25.4543,-0.0002373216,4.1106E-06,-3.7357E-09,20,4.5839,0.000314212,0.45,4.584,-0.0003143437,1.41448E-05,2.989478E-07,30
1.2361,6.63028E-05,0.5,1.2362,-6.63065E-05,2.41791E-05,-1.15747E-08,0,,,,,,,,,13.0045,0.0001609854,0.5,13.0047,-0.0001610033,9.1277E-06,1.59842E-08,10,,,,,,,,,25.4819,0.0002628776,0.5,25.4823,-0.0002628914,3.92305E-05,1.40385E-08,20,4.5972,0.0003475689,0.5,4.5973,-0.0003477203,-5.9236E-06,2.63858E-07,30
1.2566,7.27785E-05,0.55,1.2566,-7.27917E-05,2.91962E-05,-4.7701E-09,0,,,,,,,,,13.025,0.0001771193,0.55,13.0252,-0.0001771367,3.42134E-05,-3.8551E-09,10,,,,,,,,,25.5024,0.0002883922,0.55,25.5028,-0.0002884032,1.41448E-05,1.24876E-08,20,4.6104,0.0003804794,0.55,4.6105,-0.0003806279,-5.9236E-06,2.265032E-07,30
1.2846,7.94485E-05,0.6,1.2846,-7.94584E-05,-1.09407E-05,-1.46704E-08,0,,,,,,,,,13.053,0.0001927943,0.6,13.0532,-0.0001928034,-2.09749E-05,1.37241E-08,10,,,,,,,,,25.5229,0.0003135488,0.6,25.5233,-0.0003135593,-1.59578E-05,9.7611E-09,20,4.6237,0.0004128882,0.6,4.6238,-0.0004130182,1.41448E-05,2.610842E-07,30
1.305,8.58612E-05,0.65,1.305,-8.58881E-05,-2.09749E-05,4.263E-09,0,,,,,,,,,13.0735,0.0002085524,0.65,13.0737,-0.0002085635,-2.59921E-05,1.07029E-08,10,,,,,,,,,25.551,0.0003378026,0.65,25.5514,-0.0003378249,9.1277E-06,1.61759E-08,20,4.6369,0.0004446993,0.65,4.637,-0.0004448638,-1.09407E-05,2.584783E-07,30
1.333,9.24428E-05,0.7,1.333,-9.24615E-05,2.41791E-05,-1.29334E-08,0,,,,,,,,,13.094,0.0002244014,0.7,13.0943,-0.0002244093,4.1106E-06,-9.0537E-09,10,,,,,,,,,25.5715,0.0003624775,0.7,25.5719,-0.0003624992,-2.09749E-05,1.4575E-09,20,4.6501,0.0004758875,0.7,4.6502,-0.0004760233,-4.10434E-05,2.828089E-07,30
1.3535,9.87774E-05,0.75,1.3535,-9.87877E-05,-1.09407E-05,-9.426E-09,0,,,,,,,,,13.1146,0.0002400259,0.75,13.1148,-0.0002400483,-2.09749E-05,-1.02089E-08,10,,,,,,,,,25.5995,0.0003868019,0.75,25.5999,-0.0003868103,1.41448E-05,1.67943E-08,20,4.7915,0.0005061316,0.75,4.7916,-0.0005065328,1.9162E-05,2.452684E-07,30
1.374,0.0001053364,0.8,1.374,-0.0001053536,-1.59578E-05,1.01738E-08,0,,,,,,,,,13.1351,0.0002554209,0.8,13.1353,-0.0002554553,-5.9236E-06,8.2243E-09,10,,,,,,,,,25.62,0.0004109044,0.8,25.6204,-0.0004109171,3.42134E-05,8.8657E-09,20,4.8046,0.0005358303,0.8,4.8047,-0.000536141,-5.9236E-06,2.487394E-07,30
1.3944,0.0001119912,0.85,1.3944,-0.0001120027,1.9162E-05,1.15394E-08,0,,,,,,,,,13.1557,0.0002710984,0.85,13.1559,-0.0002711246,-1.09407E-05,1.40004E-08,10,,,,,,,,,25.6405,0.0004351052,0.85,25.6409,-0.0004351298,-2.09749E-05,-1.1035E-08,20,4.8178,0.0005651257,0.85,4.8179,-0.0005654971,-1.59578E-05,2.89606E-07,30
1.4149,0.0001186081,0.9,1.4149,-0.0001186493,-1.59578E-05,4.7564E-09,0,,,,,,,,,13.1762,0.0002865741,0.9,13.1764,-0.0002865794,1.9162E-05,3.1137E-09,10,,,,,,,,,25.661,0.0004582596,0.9,25.6614,-0.0004582882,-2.09749E-05,1.22028E-08,20,4.8311,0.0005937403,0.9,4.8312,-0.0005939956,-1.59578E-05,2.463804E-07,30
1.4428,0.0001250183,0.95,1.4428,-0.0001250361,9.1277E-06,1.47155E-08,0,,,,,,,,,13.2042,0.0003013311,0.95,13.2044,-0.0003013457,-1.59578E-05,1.60018E-08,10,,,,,,,,,25.689,0.0004816005,0.95,25.6894,-0.0004816331,-2.09749E-05,6.6625E-09,20,4.8443,0.0006214726,0.95,4.8444,-0.0006218133,-1.09407E-05,2.324656E-07,30
1.4633,0.0001316176,1,1.4633,-0.0001316373,-1.59578E-05,-4.2826E-09,0,,,,,,,,,13.2247,0.000316885,1,13.2249,-0.0003169014,1.41448E-05,-4.5398E-09,10,,,,,,,,,25.8462,0.000503665,1,25.8466,-0.0005038595,3.42134E-05,3.9676E-09,20,4.8576,0.0006484485,1,4.8576,-0.0006488995,4.1106E-06,2.473856E-07,30
1.4913,0.0001378563,1.05,1.4913,-0.0001378853,-2.09749E-05,1.2997E-08,0,,,,,,,,,13.2527,0.0003316068,1.05,13.2529,-0.0003316198,-2.09749E-05,1.30723E-08,10,,,,,,,,,25.8742,0.0005263299,1.05,25.8747,-0.0005263557,1.41448E-05,-1.21561E-08,20,4.8708,0.0006750464,1.05,4.8708,-0.0006753805,9.1277E-06,2.423571E-07,30
1.5118,0.0001445489,1.1,1.5118,-0.0001445646,-5.9236E-06,9.3463E-09,0,,,,,,,,,13.2732,0.0003468253,1.1,13.2734,-0.0003468501,-1.09407E-05,1.14151E-08,10,,,,,,,,,25.8948,0.0005480369,1.1,25.8952,-0.0005483475,-1.09407E-05,1.05238E-08,20,4.884,0.0007003079,1.1,4.8841,-0.0007006508,1.9162E-05,2.826129E-07,30
1.5323,0.0001515467,1.15,1.5323,-0.000151582,-1.09407E-05,-1.03853E-08,0,,,,,,,,,13.2937,0.0003618824,1.15,13.2939,-0.000361909,-5.9236E-06,8.4131E-09,10,,,,,,,,,25.9228,0.0005699456,1.15,25.9232,-0.0005700618,-1.09407E-05,9.7517E-09,20,4.8972,0.0007253174,1.15,4.8973,-0.0007255429,2.41791E-05,2.431511E-07,30
1.5527,0.0001577602,1.2,1.5528,-0.0001577746,-2.09749E-05,-1.13569E-08,0,,,,,,,,,13.3217,0.0003763494,1.2,13.3219,-0.0003763675,-2.09749E-05,1.51864E-08,10,,,,,,,,,25.9508,0.0005905937,1.2,25.9512,-0.0005908431,-3.60263E-05,1.61823E-08,20,4.9105,0.0007490915,1.2,4.9106,-0.0007495271,1.9162E-05,2.124942E-07,30
1.5732,0.0001642788,1.25,1.5733,-0.0001643026,-1.09407E-05,-5.237E-09,0,,,,,,,,,13.3422,0.0003909577,1.25,13.3424,-0.0003909773,1.41448E-05,-3.640039E-10,10,,,,,,,,,25.9713,0.0006114687,1.25,25.9717,-0.0006118513,-5.9236E-06,9.472242E-10,20,4.9237,0.0007727647,1.25,4.9238,-0.0007731078,1.41448E-05,2.442454E-07,30
1.6012,0.0001711076,1.3,1.6012,-0.0001711308,1.9162E-05,-1.45973E-08,0,,,,,,,,,13.3702,0.0004053214,1.3,13.3705,-0.0004053552,1.41448E-05,1.55418E-08,10,,,,,,,,,25.9993,0.0006316378,1.3,25.9997,-0.0006317499,1.41448E-05,1.67178E-08,20,4.937,0.0007955556,1.3,4.937,-0.0007959066,-1.59578E-05,2.376341E-07,30
1.6216,0.0001774471,1.35,1.6217,-0.0001774444,9.1277E-06,3.8014E-09,0,,,,,,,,,13.3908,0.0004200607,1.35,13.391,-0.0004200785,2.41791E-05,-6.8851E-09,10,,,,,,,,,26.0198,0.0006522355,1.35,26.0202,-0.0006523042,-1.09407E-05,9.0426E-09,20,4.9502,0.0008176406,1.35,4.9503,-0.0008179236,-9.064679E-07,2.706067E-07,30
1.6496,0.0001842406,1.4,1.6496,-0.0001842549,-1.09407E-05,-1.31953E-08,0,,,,,,,,,13.4188,0.0004341168,1.4,13.419,-0.0004341309,9.1277E-06,1.05615E-08,10,,,,,,,,,26.0403,0.0006711692,1.4,26.0407,-0.0006714461,-5.9236E-06,-1.0909E-08,20,4.9634,0.0008385155,1.4,4.9635,-0.0008388057,4.92647E-05,2.421103E-07,30
1.67,0.0001905525,1.45,1.6701,-0.0001905837,1.41448E-05,-9.31E-09,0,,,,,,,,,13.4393,0.0004483568,1.45,13.4395,-0.0004483851,-5.9236E-06,1.30099E-08,10,,,,,,,,,26.0608,0.0006904307,1.45,26.0612,-0.0006905376,-5.9236E-06,1.24284E-08,20,4.9767,0.0008597937,1.45,4.9768,-0.0008601671,4.1106E-06,2.005007E-07,30
1.6905,0.0001969273,1.5,1.6905,-0.0001969553,-9.064679E-07,1.03317E-08,0,,,,,,,,,13.4598,0.0004621682,1.5,13.46,-0.0004622029,9.1277E-06,5.1522E-09,10,,,,,,,,,26.0888,0.0007093644,1.5,26.0893,-0.0007094526,-9.064679E-07,6.5997E-09,20,4.9899,0.000880139,1.5,4.99,-0.0008805448,2.41791E-05,2.417769E-07,30
1.711,0.0002037057,1.55,1.711,-0.0002037356,-1.09407E-05,1.15525E-08,0,,,,,,,,,13.4878,0.0004757955,1.55,13.488,-0.0004758013,-2.59921E-05,1.5855E-08,10,,,,,,,,,26.1168,0.0007273149,1.55,26.1172,-0.0007275857,-9.064679E-07,1.69368E-08,20,5.0032,0.000899829,1.55,5.0033,-0.0009000651,-1.59578E-05,2.389344E-07,30
1.7314,0.0002103126,1.6,1.7315,-0.0002103317,-1.59578E-05,4.7069E-09,0,,,,,,,,,13.5083,0.0004894405,1.6,13.5085,-0.0004894728,2.41791E-05,-3.1874E-09,10,,,,,,,,,26.1373,0.0007455679,1.6,26.1377,-0.0007457694,2.91962E-05,-1.8579E-09,20,5.0164,0.0009183088,1.6,5.0165,-0.0009186017,9.1277E-06,2.546739E-07,30
1.7594,0.0002166849,1.65,1.7594,-0.0002167134,-1.09407E-05,1.46832E-08,0,,,,,,,,,13.6655,0.0005024548,1.65,13.6657,-0.0005025481,2.41791E-05,9.8292E-09,10,,,,,,,,,26.1653,0.0007625351,1.65,26.1657,-0.0007626667,2.91962E-05,1.54459E-08,20,5.0296,0.0009366625,1.65,5.0297,-0.0009370123,1.41448E-05,2.427414E-07,30
1.7799,0.0002233145,1.7,1.7799,-0.0002233272,-9.064679E-07,-3.8952E-09,0,,,,,,,,,13.6935,0.0005163462,1.7,13.6937,-0.0005165451,-2.09749E-05,8.0497E-09,10,,,,,,,,,26.1858,0.0007798806,1.7,26.1862,-0.0007801189,-1.09407E-05,1.12141E-08,20,5.0429,0.0009543355,1.7,5.043,-0.0009547167,-2.09749E-05,1.952585E-07,30
1.8078,0.0002292632,1.75,1.8079,-0.0002292776,4.1106E-06,1.30902E-08,0,,,,,,,,,13.7215,0.0005286746,1.75,13.7217,-0.0005287768,4.1106E-06,1.52375E-08,10,,,,,,,,,26.2063,0.0007967722,1.75,26.2067,-0.0007969659,1.9162E-05,-8.6248E-09,20,5.0561,0.0009714034,1.75,5.0562,-0.0009717402,-1.59578E-05,2.351656E-07,30
1.8283,0.0002361197,1.8,1.8283,-0.0002361285,-2.09749E-05,9.4137E-09,0,,,,,,,,,13.742,0.0005414315,1.8,13.7423,-0.0005415633,4.1106E-06,-5.821034E-10,10,,,,,,,,,26.2268,0.0008129075,1.8,26.2272,-0.0008129553,1.41448E-05,-8.9826E-09,20,5.0694,0.0009883705,1.8,5.0695,-0.0009887636,3.42134E-05,2.447085E-07,30
1.8487,0.0002428199,1.85,1.8487,-0.0002428583,-9.064679E-07,-9.9907E-09,0,,,,,,,,,13.77,0.0005539616,1.85,13.7702,-0.0005541229,9.1277E-06,1.53778E-08,10,,,,,,,,,26.2473,0.0008288663,1.85,26.2477,-0.0008290204,1.9162E-05,9.4796E-09,20,5.0826,0.0010048,1.85,5.0827,-0.0010051,2.41791E-05,2.413672E-07,30
1.8692,0.0002485896,1.9,1.8692,-0.000248617,9.1277E-06,-1.17129E-08,0,,,,,,,,,13.7905,0.0005667437,1.9,13.7907,-0.0005669598,4.1106E-06,8.6064E-09,10,,,,,,,,,26.2678,0.000844573,1.9,26.2682,-0.000844682,1.41448E-05,1.51256E-08,20,5.0959,0.0010204,1.9,5.096,-0.0010207,4.1106E-06,2.414487E-07,30
1.8896,0.0002549342,1.95,1.8896,-0.0002549533,-2.09749E-05,-4.2024E-09,0,,,,,,,,,13.811,0.0005787696,1.95,13.8112,-0.0005790402,-2.09749E-05,-1.13009E-08,10,,,,,,,,,26.2883,0.0008598762,1.95,26.2887,-0.0008602175,2.91962E-05,3.9037E-09,20,5.1091,0.0010357,1.95,5.1092,-0.001036,1.9162E-05,1.935662E-07,30
1.9176,0.0002617075,2,1.9176,-0.0002617285,-1.09407E-05,-1.46764E-08,0,,,,,,,,,13.8315,0.0005905937,2,13.8317,-0.0005907422,1.41448E-05,-8.8528E-09,10,,,,,,,,,26.3164,0.0008743475,2,26.3168,-0.0008744415,-1.09407E-05,1.70838E-08,20,5.1224,0.0010502,2,5.1224,-0.0010505,-2.09749E-05,2.303535E-07,30
1.9381,0.0002673864,2.05,1.9381,-0.0002674166,-2.09749E-05,4.1199E-09,0,,,,,,,,,13.852,0.000602317,2.05,13.8522,-0.0006024191,-2.59921E-05,1.04955E-08,10,,,,,,,,,26.3369,0.0008894239,2.05,26.3373,-0.0008895483,-5.9236E-06,-3.534E-09,20,5.1356,0.0010647,2.05,5.1357,-0.0010652,-5.9236E-06,2.504674E-07,30
1.966,0.0002743161,2.1,1.9661,-0.000274328,-5.9236E-06,-1.28374E-08,0,,,,,,,,,13.8724,0.0006143428,2.1,13.8727,-0.0006145751,4.1106E-06,1.30802E-08,10,,,,,,,,,26.3649,0.0009031137,2.1,26.3653,-0.0009031671,9.1277E-06,1.42507E-08,20,5.1488,0.0010787,2.1,5.1489,-0.0010792,4.1106E-06,2.312467E-07,30
1.9865,0.0002801589,2.15,1.9865,-0.0002801725,-2.59921E-05,-9.5971E-09,0,,,,,,,,,13.8929,0.0006256123,2.15,13.8931,-0.0006257728,-1.59578E-05,4.8819E-09,10,,,,,,,,,26.3854,0.00091698,2.15,26.3858,-0.0009170633,3.42134E-05,1.22793E-08,20,5.1621,0.001092,2.15,5.1622,-0.0010925,1.9162E-05,2.382448E-07,30
2.0069,0.0002860395,2.2,2.0069,-0.0002860573,-1.09407E-05,9.7292E-09,0,,,,,,,,,13.921,0.0006364532,2.2,13.9212,-0.0006365417,4.1106E-06,1.58711E-08,10,,,,,,,,,26.406,0.0009305689,2.2,26.4064,-0.0009306316,-9.064679E-07,1.0106E-08,20,5.1753,0.0011055,2.2,5.1754,-0.0011058,-5.9236E-06,1.940497E-07,30
2.0274,0.0002927422,2.25,2.0274,-0.0002927619,-1.09407E-05,1.18773E-08,0,,,,,,,,,13.9415,0.0006481765,2.25,13.9417,-0.0006484203,1.9162E-05,-3.0332E-09,10,,,,,,,,,26.4339,0.0009435779,2.25,26.4344,-0.0009439226,1.41448E-05,1.61509E-08,20,5.1886,0.0011179,2.25,5.1887,-0.0011183,-5.9236E-06,2.241569E-07,30
2.0478,0.000298933,2.3,2.0478,-0.0002989494,-1.59578E-05,3.661E-09,0,,,,,,,,,13.9695,0.0006585131,2.3,13.9698,-0.0006586596,2.91962E-05,1.43901E-08,10,,,,,,,,,26.4544,0.0009562341,2.3,26.4548,-0.0009565325,-9.064679E-07,1.0988E-09,20,5.2019,0.0011304,2.3,5.2019,-0.0011308,1.9162E-05,2.57323E-07,30
2.0758,0.0003042614,2.35,2.0758,-0.0003042868,-1.59578E-05,1.47698E-08,0,,,,,,,,,13.9901,0.0006697322,2.35,13.9903,-0.0006698825,-5.9236E-06,9.8904E-09,10,,,,,,,,,26.4824,0.0009686128,2.35,26.4828,-0.000968739,4.1106E-06,1.67054E-08,20,5.2151,0.0011425,2.35,5.2152,-0.0011428,1.41448E-05,2.235309E-07,30
2.0963,0.0003107472,2.4,2.0963,-0.0003107619,-1.59578E-05,-4.7305E-09,0,,,,,,,,,14.0106,0.0006802957,2.4,14.0109,-0.0006803992,1.9162E-05,-1.01688E-08,10,,,,,,,,,26.503,0.0009813193,2.4,26.5034,-0.0009815255,-1.59578E-05,8.9901E-09,20,5.2283,0.0011541,2.4,5.2284,-0.0011543,-1.09407E-05,2.306766E-07,30
2.1242,0.0003162899,2.45,2.1242,-0.0003163112,-1.09407E-05,1.2424E-08,0,,,,,,,,,14.0312,0.000690229,2.45,14.0314,-0.0006904872,4.1106E-06,-9.627E-09,10,,,,,,,,,26.5235,0.0009930679,2.45,26.5239,-0.0009933535,-1.59578E-05,-1.09108E-08,20,5.2416,0.0011655,2.45,5.2416,-0.0011658,2.91962E-05,2.001699E-07,30
2.1446,0.0003224883,2.5,2.1446,-0.0003224987,2.41791E-05,1.00059E-08,0,,,,,,,,,14.0517,0.000700011,2.5,14.0519,-0.0007001969,2.91962E-05,9.4983E-09,10,,,,,,,,,26.544,0.0010046,2.5,26.5444,-0.0010049,-1.59578E-05,1.23716E-08,20,5.2549,0.0011762,2.5,5.2549,-0.0011766,4.1106E-06,2.182098E-07,30
2.1651,0.0003288556,2.55,2.1651,-0.0003288678,4.1106E-06,-9.1164E-09,0,,,,,,,,,14.0723,0.0007103729,2.55,14.0725,-0.0007105623,2.41791E-05,1.34354E-08,10,,,,,,,,,26.572,0.0010159,2.55,26.5724,-0.0010162,1.41448E-05,6.5539E-09,20,5.2681,0.0011869,2.55,5.2682,-0.0011873,-3.60263E-05,2.565341E-07,30
2.1855,0.0003339041,2.6,2.1855,-0.0003339076,-5.9236E-06,-1.22068E-08,0,,,,,,,,,14.0928,0.0007201296,2.6,14.093,-0.0007202972,9.1277E-06,4.2896E-09,10,,,,,,,,,26.6,0.0010268,2.6,26.6004,-0.001027,9.1277E-06,1.69367E-08,20,5.2814,0.0011976,2.6,5.2815,-0.001198,-1.09407E-05,2.158788E-07,30
2.2059,0.0003397973,2.65,2.206,-0.0003398202,4.1106E-06,-3.0491E-09,0,,,,,,,,,14.1208,0.0007294074,2.65,14.121,-0.0007295529,-1.09407E-05,1.5951E-08,10,,,,,,,,,26.6205,0.0010378,2.65,26.6209,-0.001038,4.1106E-06,-1.8224E-09,20,5.2946,0.0012077,2.65,5.2947,-0.001208,3.42134E-05,2.203296E-07,30
2.2339,0.0003456174,2.7,2.234,-0.0003456318,4.1106E-06,-1.48446E-08,0,,,,,,,,,14.1413,0.0007390382,2.7,14.1416,-0.0007391869,1.41448E-05,-3.5665E-09,10,,,,,,,,,26.6485,0.0010479,2.7,26.6489,-0.0010482,-1.09407E-05,1.54718E-08,20,5.3079,0.0012176,2.7,5.3079,-0.001218,3.42134E-05,2.070713E-07,30
2.2544,0.0003509861,2.75,2.2544,-0.0003509945,-2.59921E-05,5.1339E-09,0,,,,,,,,,14.1693,0.0007475849,2.75,14.1695,-0.0007478374,2.41791E-05,1.38505E-08,10,,,,,,,,,26.669,0.0010585,2.75,26.6694,-0.0010587,2.41791E-05,1.11974E-08,20,5.3211,0.0012271,2.75,5.3212,-0.0012274,-9.064679E-07,2.124255E-07,30
2.2823,0.0003566448,2.8,2.2824,-0.0003566674,1.41448E-05,-1.21151E-08,0,,,,,,,,,14.1898,0.0007570643,2.8,14.19,-0.000757194,-3.10092E-05,1.07058E-08,10,,,,,,,,,26.6895,0.0010688,2.8,26.6899,-0.001069,2.91962E-05,-8.6221E-09,20,5.3343,0.0012366,2.8,5.3344,-0.0012369,2.41791E-05,2.555391E-07,30
2.3028,0.0003619076,2.85,2.3028,-0.0003619317,-2.59921E-05,-1.03593E-08,0,,,,,,,,,14.2103,0.0007660143,2.85,14.2105,-0.0007663236,-2.09749E-05,-8.8742E-09,10,,,,,,,,,26.71,0.0010782,2.85,26.7104,-0.0010783,-5.9236E-06,-9.0154E-09,20,5.3476,0.0012456,2.85,5.3477,-0.001246,-5.9236E-06,2.126622E-07,30
2.3232,0.0003670368,2.9,2.3233,-0.0003670522,2.41791E-05,8.5308E-09,0,,,,,,,,,14.2308,0.0007738551,2.9,14.231,-0.0007740913,-5.9236E-06,-1.0578E-08,10,,,,,,,,,26.7305,0.0010877,2.9,26.7309,-0.0010879,-5.9236E-06,9.482E-09,20,5.3608,0.0012547,2.9,5.3609,-0.0012551,-1.59578E-05,2.042644E-07,30
2.3437,0.0003727762,2.95,2.3437,-0.0003727982,-2.59921E-05,1.24053E-08,0,,,,,,,,,14.2513,0.0007823009,2.95,14.2515,-0.0007825401,-1.59578E-05,-3.5809E-09,10,,,,,,,,,26.751,0.0010972,2.95,26.7514,-0.0010975,-5.9236E-06,1.50911E-08,20,5.3741,0.0012636,2.95,5.3742,-0.0012639,2.41791E-05,2.116646E-07,30
2.3641,0.0003784626,3,2.3642,-0.0003784939,2.41791E-05,2.518E-09,0,,,,,,,,,14.2793,0.0007910996,3,14.2795,-0.0007912409,-2.09749E-05,-1.35951E-08,10,,,,,,,,,26.7715,0.0011067,3,26.7719,-0.0011069,-2.09749E-05,3.8988E-09,20,5.3874,0.0012724,3,5.3874,-0.0012727,-9.064679E-07,2.094354E-07,30
2.3921,0.0003825806,3.05,2.3922,-0.0003826004,9.1277E-06,1.4827E-08,0,,,,,,,,,14.2998,0.0007987134,3.05,14.3,-0.0007990338,2.41791E-05,4.8787E-09,10,,,,,,,,,26.7995,0.0011155,3.05,26.7999,-0.0011157,2.41791E-05,1.70921E-08,20,5.4006,0.0012804,3.05,5.4007,-0.0012808,9.1277E-06,2.514191E-07,30
2.4126,0.0003881687,3.1,2.4127,-0.00038818,4.1106E-06,-5.4445E-09,0,,,,,,,,,14.3278,0.0008072602,3.1,14.328,-0.000807533,3.42134E-05,-1.23955E-08,10,,,,,,,,,26.82,0.001124,3.1,26.8205,-0.0011242,3.92305E-05,-3.4811E-09,20,5.4139,0.0012887,3.1,5.414,-0.0012891,1.9162E-05,2.109954E-07,30
2.4406,0.0003927179,3.15,2.4406,-0.0003927304,9.1277E-06,1.19192E-08,0,,,,,,,,,14.3484,0.0008142942,3.15,14.3486,-0.000814645,1.9162E-05,1.05903E-08,10,,,,,,,,,26.8481,0.0011321,3.15,26.8485,-0.0011323,4.1106E-06,1.43599E-08,20,5.4271,0.0012967,3.15,5.4272,-0.001297,4.1106E-06,1.893979E-07,30
2.461,0.0003980639,3.2,2.461,-0.0003981032,1.41448E-05,1.03212E-08,0,,,,,,,,,14.3764,0.0008223113,3.2,14.3766,-0.0008225137,-2.59921E-05,6.5659E-09,10,,,,,,,,,26.8686,0.0011411,3.2,26.869,-0.0011412,1.9162E-05,1.21846E-08,20,5.4403,0.0013045,3.2,5.4404,-0.0013049,3.42134E-05,2.128505E-07,30
2.4814,0.000403077,3.25,2.4815,-0.0004030925,1.41448E-05,-8.4162E-09,0,,,,,,,,,14.4044,0.0008296983,3.25,14.4046,-0.0008298527,-2.09749E-05,1.56336E-08,10,,,,,,,,,26.8891,0.0011497,3.25,26.8896,-0.0011498,-5.9236E-06,1.0373E-08,20,5.4536,0.0013123,3.25,5.4537,-0.0013126,3.42134E-05,2.064275E-07,30
2.5019,0.0004074623,3.3,2.5019,-0.000407474,1.41448E-05,-1.25912E-08,0,,,,,,,,,14.4249,0.0008372112,3.3,14.4251,-0.0008373682,-1.09407E-05,-2.1165E-09,10,,,,,,,,,26.9171,0.0011568,3.3,26.9175,-0.001157,3.42134E-05,1.60435E-08,20,5.4668,0.00132,3.3,5.4669,-0.0013203,-2.09749E-05,2.475129E-07,30
2.5223,0.0004121325,3.35,2.5224,-0.0004121531,-2.09749E-05,-2.3264E-09,0,,,,,,,,,14.4529,0.0008440182,3.35,14.4531,-0.0008441777,9.1277E-06,1.48821E-08,10,,,,,,,,,26.9376,0.0011654,3.35,26.938,-0.0011657,-1.59578E-05,1.2439E-09,20,5.4801,0.0013266,3.35,5.4802,-0.001327,-2.59921E-05,2.125986E-07,30
2.5503,0.000417418,3.4,2.5504,-0.0004174249,-1.59578E-05,-1.48698E-08,0,,,,,,,,,14.4734,0.0008514808,3.4,14.4736,-0.0008514915,2.91962E-05,9.3513E-09,10,,,,,,,,,26.9656,0.0011727,3.4,26.966,-0.001173,-9.064679E-07,1.67815E-08,20,5.4933,0.0013339,3.4,5.4934,-0.0013344,-1.59578E-05,1.761956E-07,30
2.5708,0.0004215133,3.45,2.5708,-0.0004215239,-1.59578E-05,5.8556E-09,0,,,,,,,,,14.4939,0.0008583383,3.45,14.4941,-0.0008584521,2.41791E-05,-1.06537E-08,10,,,,,,,,,26.9861,0.0011801,3.45,26.9865,-0.0011802,-2.09749E-05,8.8438E-09,20,5.5066,0.0013415,3.45,5.5067,-0.0013417,1.9162E-05,2.138201E-07,30
2.5987,0.0004265693,3.5,2.5987,-0.0004265965,-9.064679E-07,-1.15373E-08,0,,,,,,,,,14.5144,0.0008647924,3.5,14.5147,-0.0008648579,-5.9236E-06,-9.3615E-09,10,,,,,,,,,27.0066,0.0011876,3.5,27.0071,-0.0011878,-9.064679E-07,-1.10372E-08,20,5.5198,0.0013483,3.5,5.5199,-0.0013487,-1.09407E-05,2.075625E-07,30
2.6192,0.0004303619,3.55,2.6192,-0.0004303876,-1.59578E-05,-1.07662E-08,0,,,,,,,,,14.535,0.0008707423,3.55,14.5352,-0.000870936,-2.59921E-05,9.8191E-09,10,,,,,,,,,27.0271,0.0011947,3.55,27.0276,-0.0011948,-1.09407E-05,1.22206E-08,20,5.5331,0.0013552,3.55,5.5332,-0.0013556,-9.064679E-07,2.371225E-07,30
2.6396,0.0004349313,3.6,2.6397,-0.0004349507,-9.064679E-07,-6.4488E-09,0,,,,,,,,,14.5555,0.0008774486,3.6,14.5557,-0.0008776445,-1.59578E-05,1.3299E-08,10,,,,,,,,,27.0552,0.0012018,3.6,27.0556,-0.001202,1.9162E-05,7.0149E-09,20,5.5463,0.0013616,3.6,5.5464,-0.001362,9.1277E-06,2.139905E-07,30
2.6676,0.0004395536,3.65,2.6676,-0.0004395566,-5.9236E-06,-1.43712E-08,0,,,,,,,,,14.576,0.0008842052,3.65,14.5762,-0.000884353,3.42134E-05,4.5348E-09,10,,,,,,,,,27.0832,0.0012083,3.65,27.0836,-0.0012084,4.1106E-06,1.68369E-08,20,5.5596,0.0013682,3.65,5.5597,-0.0013685,-9.064679E-07,1.708643E-07,30
2.688,0.0004433487,3.7,2.6881,-0.0004433655,-2.59921E-05,2.7489E-09,0,,,,,,,,,14.604,0.0008898525,3.7,14.6042,-0.0008901032,-9.064679E-07,1.58803E-08,10,,,,,,,,,27.1037,0.0012154,3.7,27.1041,-0.0012157,-2.09749E-05,-1.4561E-09,20,5.5728,0.0013747,3.7,5.5729,-0.001375,4.1106E-06,2.116875E-07,30
2.716,0.0004478096,3.75,2.7161,-0.0004478252,-4.10434E-05,-1.38431E-08,0,,,,,,,,,14.6245,0.0008959285,3.75,14.6248,-0.0008961812,2.41791E-05,-3.2754E-09,10,,,,,,,,,27.1317,0.0012216,3.75,27.1321,-0.0012217,9.1277E-06,1.5628E-08,20,5.586,0.0013808,3.75,5.5861,-0.0013811,9.1277E-06,2.132475E-07,30
2.7365,0.0004512921,3.8,2.7366,-0.000451301,-4.10434E-05,-8.4107E-09,0,,,,,,,,,14.6526,0.0009011977,3.8,14.6528,-0.0009014521,-2.09749E-05,1.40773E-08,10,,,,,,,,,27.1522,0.0012284,3.8,27.1526,-0.0012286,1.9162E-05,1.10165E-08,20,5.5993,0.0013867,3.8,5.5994,-0.001387,1.9162E-05,2.231925E-07,30
2.757,0.0004550167,3.85,2.757,-0.0004550292,9.1277E-06,1.14704E-08,0,,,,,,,,,14.6731,0.0009072736,3.85,14.6733,-0.0009074797,9.1277E-06,1.03579E-08,10,,,,,,,,,27.1727,0.0012349,3.85,27.1731,-0.0012351,4.1106E-06,-8.9546E-09,20,5.6125,0.0013928,3.85,5.6126,-0.0013931,9.1277E-06,2.173675E-07,30
2.7775,0.0004596692,3.9,2.7775,-0.0004596906,-5.9236E-06,1.06492E-08,0,,,,,,,,,14.6936,0.0009135008,3.9,14.6938,-0.0009135577,4.1106E-06,-9.3857E-09,10,,,,,,,,,27.1932,0.001241,3.9,27.1936,-0.0012411,9.1277E-06,-8.7458E-09,20,5.6258,0.0013986,3.9,5.6259,-0.0013989,-3.10092E-05,1.68859E-07,30
2.7979,0.0004641755,3.95,2.798,-0.0004642057,1.9162E-05,-8.062E-09,0,,,,,,,,,14.7141,0.0009182657,3.95,14.7143,-0.0009186269,4.1106E-06,-1.02573E-08,10,,,,,,,,,27.2137,0.001247,3.95,27.2141,-0.0012473,-2.09749E-05,9.9979E-09,20,5.639,0.0014044,3.95,5.6391,-0.0014049,-5.9236E-06,2.095804E-07,30
2.8184,0.000467605,4,2.8184,-0.0004676236,-5.9236E-06,-1.26793E-08,0,,,,,,,,,14.7346,0.0009234844,4,14.7348,-0.0009236457,9.1277E-06,8.2224E-09,10,,,,,,,,,27.2342,0.0012532,4,27.2346,-0.0012534,-5.9236E-06,1.48585E-08,20,5.6523,0.0014103,4,5.6524,-0.0014106,1.41448E-05,2.225359E-07,30
2.8389,0.0004711379,4.05,2.8389,-0.00047116,-1.09407E-05,-2.4533E-09,0,,,,,,,,,14.7551,0.0009292327,4.05,14.7554,-0.0009293202,-5.9236E-06,1.39422E-08,10,,,,,,,,,27.2547,0.0012589,4.05,27.2551,-0.0012591,4.1106E-06,4.3865E-09,20,5.6655,0.0014159,4.05,5.6656,-0.001416,-9.064679E-07,2.150746E-07,30
2.8668,0.0004753568,4.1,2.8669,-0.0004753876,-5.9236E-06,-1.49222E-08,0,,,,,,,,,14.7757,0.0009343253,4.1,14.7759,-0.0009345408,-1.09407E-05,3.0276E-09,10,,,,,,,,,27.2827,0.0012644,4.1,27.2831,-0.0012646,1.9162E-05,1.70843E-08,20,5.6788,0.0014211,4.1,5.6789,-0.0014214,2.41791E-05,2.182989E-07,30
2.8873,0.0004787737,4.15,2.8873,-0.0004787954,1.41448E-05,6.0116E-09,0,,,,,,,,,14.8036,0.0009392668,4.15,14.8039,-0.0009394838,-5.9236E-06,1.5933E-08,10,,,,,,,,,27.3032,0.0012704,4.15,27.3037,-0.0012705,4.1106E-06,-3.2119E-09,20,5.6921,0.0014264,4.15,5.6921,-0.0014265,1.41448E-05,1.691669E-07,30
2.9153,0.0004825386,4.2,2.9153,-0.0004825639,1.41448E-05,-1.16189E-08,0,,,,,,,,,14.8241,0.0009443343,4.2,14.8244,-0.0009445026,-1.09407E-05,-4.9729E-09,10,,,,,,,,,27.3313,0.0012755,4.2,27.3317,-0.0012755,-1.59578E-05,1.46023E-08,20,5.7053,0.0014315,4.2,5.7053,-0.0014318,3.42134E-05,2.062417E-07,30
2.9358,0.0004852847,4.25,2.9358,-0.0004853083,-5.9236E-06,-1.0586E-08,0,,,,,,,,,14.8522,0.0009490236,4.25,14.8524,-0.0009491935,3.42134E-05,1.28054E-08,10,,,,,,,,,27.3518,0.0012813,4.25,27.3522,-0.0012814,3.42134E-05,1.19453E-08,20,5.7185,0.0014367,4.25,5.7186,-0.001437,1.9162E-05,2.304731E-07,30
2.9563,0.0004880838,4.3,2.9563,-0.0004881208,-1.59578E-05,8.309E-09,0,,,,,,,,,14.8727,0.0009539651,4.3,14.8729,-0.0009540609,-2.09749E-05,1.14479E-08,10,,,,,,,,,27.3723,0.0012866,4.3,27.3728,-0.0012869,1.41448E-05,1.073E-08,20,5.7317,0.0014416,4.3,5.7318,-0.0014419,2.41791E-05,2.068067E-07,30
2.9767,0.0004923682,4.35,2.9768,-0.0004923837,4.1106E-06,1.23777E-08,0,,,,,,,,,14.8932,0.0009589317,4.35,14.8934,-0.0009590797,-9.064679E-07,8.2057E-09,10,,,,,,,,,27.4003,0.0012915,4.35,27.4008,-0.0012917,-2.59921E-05,1.5802E-08,20,5.745,0.0014466,4.35,5.7451,-0.0014469,-9.064679E-07,2.160289E-07,30
2.9972,0.0004962214,4.4,2.9973,-0.0004962506,9.1277E-06,2.8681E-09,0,,,,,,,,,14.9212,0.000963142,4.4,14.9214,-0.0009633166,-1.09407E-05,1.51313E-08,10,,,,,,,,,27.4209,0.0012964,4.4,27.4213,-0.0012966,9.1277E-06,1.67849E-08,20,5.7583,0.0014513,4.4,5.7584,-0.0014517,9.1277E-06,1.736355E-07,30
3.0252,0.0004986927,4.45,3.0252,-0.0004987099,-1.59578E-05,1.47465E-08,0,,,,,,,,,14.9417,0.0009680834,4.45,14.942,-0.0009683859,-3.60263E-05,1.53991E-08,10,,,,,,,,,27.4521,0.0013015,4.45,27.4525,-0.0013016,1.9162E-05,1.07728E-08,20,5.7715,0.0014558,4.45,5.7716,-0.001456,-5.9236E-06,2.029157E-07,30
3.1748,0.0004829664,4.5,3.1749,-0.0004831791,3.42134E-05,1.47163E-08,0,,,,,,,,,14.973,0.0009722433,4.5,14.9732,-0.000972648,-2.59921E-05,1.03223E-08,10,,,,,,,,,27.4726,0.0013067,4.5,27.473,-0.0013069,1.41448E-05,-9.2511E-09,20,5.7848,0.0014605,4.5,5.7849,-0.0014607,1.41448E-05,2.370055E-07,30
3.1953,0.000487681,4.55,3.1954,-0.0004878196,1.41448E-05,-6.7463E-09,0,,,,,,,,,14.9935,0.0009766049,4.55,14.9937,-0.0009767589,-9.064679E-07,-9.5412E-09,10,,,,,,,,,27.4931,0.0013107,4.55,27.4936,-0.0013109,9.1277E-06,-8.5288E-09,20,5.798,0.0014653,4.55,5.7981,-0.0014657,1.41448E-05,2.019919E-07,30
3.2232,0.0004904038,4.6,3.2233,-0.000490619,-9.064679E-07,1.07274E-08,0,,,,,,,,,15.014,0.0009800839,4.6,15.0143,-0.0009802645,2.41791E-05,-1.00758E-08,10,,,,,,,,,27.5136,0.0013154,4.6,27.5141,-0.0013156,-1.09407E-05,1.05338E-08,20,5.8113,0.0014698,4.6,5.8113,-0.0014702,-1.59578E-05,2.087051E-07,30
3.2437,0.0004947401,4.65,3.2437,-0.0004947803,-9.064679E-07,1.13608E-08,0,,,,,,,,,15.0346,0.0009840169,4.65,15.0348,-0.0009842744,1.41448E-05,8.637E-09,10,,,,,,,,,27.5341,0.0013197,4.65,27.5346,-0.0013199,4.1106E-06,1.45532E-08,20,5.8245,0.0014746,4.65,5.8246,-0.0014749,9.1277E-06,1.835296E-07,30
3.2641,0.0004985722,4.7,3.2642,-0.000498765,-1.09407E-05,4.8877E-09,0,,,,,,,,,15.0551,0.0009884541,4.7,15.0553,-0.000988587,1.41448E-05,1.37247E-08,10,,,,,,,,,27.5547,0.0013247,4.7,27.5551,-0.0013249,-1.59578E-05,5.3076E-09,20,5.8377,0.0014792,4.7,5.8378,-0.0014795,-1.09407E-05,1.989484E-07,30
3.2921,0.000501522,4.75,3.2921,-0.0005016401,4.1106E-06,1.46495E-08,0,,,,,,,,,15.0756,0.0009925636,4.75,15.0759,-0.0009928996,9.1277E-06,3.3719E-09,10,,,,,,,,,27.5827,0.0013284,4.75,27.5831,-0.0013286,-5.9236E-06,1.70094E-08,20,5.851,0.0014833,4.75,5.8511,-0.0014836,4.1106E-06,2.39049E-07,30
3.3126,0.0005052785,4.8,3.3126,-0.0005054988,4.42476E-05,-3.8206E-09,0,,,,,,,,,15.1036,0.0009958663,4.8,15.1039,-0.0009959008,-9.064679E-07,1.58973E-08,10,,,,,,,,,27.6032,0.0013335,4.8,27.6036,-0.0013338,2.41791E-05,-2.9281E-09,20,5.8642,0.0014872,4.8,5.8643,-0.0014875,-1.59578E-05,1.980195E-07,30
3.3405,0.0005079509,4.85,3.3406,-0.0005081217,-1.09407E-05,1.31725E-08,0,,,,,,,,,15.1242,0.0010001,4.85,15.1244,-0.0010003,-2.09749E-05,-4.1429E-09,10,,,,,,,,,27.6312,0.0013369,4.85,27.6316,-0.0013371,-2.09749E-05,1.47992E-08,20,5.8775,0.0014913,4.85,5.8776,-0.0014918,-2.09749E-05,1.984674E-07,30
3.361,0.0005120099,4.9,3.361,-0.0005123334,-5.9236E-06,9.2901E-09,0,,,,,,,,,15.1522,0.0010027,4.9,15.1524,-0.0010029,-1.09407E-05,1.34063E-08,10,,,,,,,,,27.6517,0.001342,4.9,27.6521,-0.0013423,-1.09407E-05,1.17382E-08,20,5.8907,0.0014955,4.9,5.8908,-0.0014957,-1.09407E-05,1.933652E-07,30
3.3814,0.0005155143,4.95,3.3815,-0.0005156625,1.9162E-05,-1.0245E-08,0,,,,,,,,,15.1727,0.0010064,4.95,15.1729,-0.0010066,1.9162E-05,1.09362E-08,10,,,,,,,,,27.6722,0.0013463,4.95,27.6727,-0.0013464,-5.9236E-06,1.07406E-08,20,5.904,0.0015001,4.95,5.9041,-0.0015004,9.1277E-06,1.951312E-07,30
3.4019,0.0005180858,5,3.4019,-0.0005183105,-2.09749E-05,-1.15147E-08,0,,,,,,,,,15.1932,0.0010107,5,15.1934,-0.001011,-9.064679E-07,-8.5473E-09,10,,,,,,,,,27.7002,0.0013499,5,27.7007,-0.0013502,4.1106E-06,1.57008E-08,20,5.9172,0.0015039,5,5.9173,-0.0015042,-2.09749E-05,2.38171E-07,30
3.4223,0.0005174303,5,3.4224,-0.0005176801,-1.59578E-05,-4.6675E-09,0,,,,,,,,,15.2137,0.0010096,5,15.2139,-0.0010097,-9.064679E-07,-1.08466E-08,10,,,,,,,,,27.7208,0.0013501,5,27.7212,-0.0013504,-5.9236E-06,1.68717E-08,20,5.9305,0.0015044,5,5.9306,-0.0015047,9.1277E-06,1.975004E-07,30
3.4503,0.0005148335,4.95,3.4503,-0.0005150824,-1.59578E-05,-1.46999E-08,0,,,,,,,,,15.2342,0.0010057,4.95,15.2344,-0.0010059,2.41791E-05,-3.1074E-09,10,,,,,,,,,27.752,0.0013451,4.95,27.7525,-0.0013453,-2.09749E-05,1.04222E-08,20,5.9437,0.0015001,4.95,5.9438,-0.0015005,1.9162E-05,1.838452E-07,30
3.4708,0.0005116569,4.9,3.4708,-0.0005117533,4.1106E-06,4.1938E-09,0,,,,,,,,,15.2622,0.0010024,4.9,15.2624,-0.0010025,-1.09407E-05,-1.37348E-08,10,,,,,,,,,27.7726,0.0013402,4.9,27.773,-0.0013403,9.1277E-06,-9.7477E-09,20,5.9569,0.0014954,4.9,5.957,-0.0014957,-5.9236E-06,1.979941E-07,30
3.4987,0.0005089846,4.85,3.4988,-0.0005090801,1.9162E-05,-1.29999E-08,0,,,,,,,,,15.2827,0.0009980849,4.85,15.2829,-0.0009983219,4.1106E-06,5.2369E-09,10,,,,,,,,,27.7931,0.001335,4.85,27.7936,-0.0013352,2.91962E-05,-8.1322E-09,20,5.9702,0.0014912,4.85,5.9703,-0.0014915,-5.9236E-06,1.949684E-07,30
3.5192,0.0005046986,4.8,3.5193,-0.0005049944,-5.9236E-06,-9.3039E-09,0,,,,,,,,,15.3107,0.0009941267,4.8,15.311,-0.0009942867,-1.59578E-05,-1.21337E-08,10,,,,,,,,,27.8136,0.0013302,4.8,27.8141,-0.0013303,-5.9236E-06,1.12101E-08,20,5.9834,0.0014862,4.8,5.9835,-0.0014865,-5.9236E-06,2.375094E-07,30
3.5397,0.0005012699,4.75,3.5398,-0.0005014384,4.1106E-06,1.02723E-08,0,,,,,,,,,15.3313,0.0009898912,4.75,15.3315,-0.0009901255,1.9162E-05,1.08894E-08,10,,,,,,,,,27.8342,0.0013253,4.75,27.8346,-0.0013254,-1.09407E-05,1.41843E-08,20,5.9967,0.0014817,4.75,5.9968,-0.0014819,3.42134E-05,1.99722E-07,30
3.5602,0.0004982949,4.7,3.5602,-0.000498412,-5.9236E-06,1.15209E-08,0,,,,,,,,,15.3593,0.0009858322,4.7,15.3595,-0.0009859389,2.91962E-05,6.0885E-09,10,,,,,,,,,27.8547,0.0013205,4.7,27.8551,-0.0013206,1.9162E-05,5.9633E-09,20,6.0099,0.0014763,4.7,6.01,-0.0014767,-5.9236E-06,1.719687E-07,30
3.5806,0.0004954208,4.65,3.5807,-0.0004955369,2.41791E-05,4.7813E-09,0,,,,,,,,,15.3873,0.0009807899,4.65,15.3875,-0.000980895,2.41791E-05,1.56777E-08,10,,,,,,,,,27.8827,0.001316,4.65,27.8831,-0.0013161,-2.09749E-05,1.69039E-08,20,6.0232,0.0014719,4.65,6.0233,-0.0014724,4.1106E-06,2.036206E-07,30
3.6086,0.0004913114,4.6,3.6086,-0.000491527,-9.064679E-07,1.47037E-08,0,,,,,,,,,15.4078,0.0009766804,4.6,15.408,-0.0009767085,9.1277E-06,-2.4693E-09,10,,,,,,,,,27.9032,0.001311,4.6,27.9037,-0.0013113,-2.09749E-05,-1.9573E-09,20,6.0364,0.0014677,4.6,6.0365,-0.001468,-3.60263E-05,1.971034E-07,30
3.629,0.0004883616,4.55,3.6291,-0.0004883996,2.41791E-05,-4.348E-09,0,,,,,,,,,15.4358,0.0009715373,4.55,15.4361,-0.0009716897,2.91962E-05,1.45915E-08,10,,,,,,,,,27.9312,0.0013056,4.55,27.9316,-0.0013059,9.1277E-06,1.52862E-08,20,6.0497,0.0014631,4.55,6.0498,-0.0014634,-1.59578E-05,2.342113E-07,30
3.657,0.0004838488,4.5,3.657,-0.0004841375,1.9162E-05,1.29446E-08,0,,,,,,,,,15.4563,0.000967554,4.5,15.4566,-0.000967705,-1.59578E-05,9.6316E-09,10,,,,,,,,,27.9517,0.0013004,4.5,27.9521,-0.0013006,-5.9236E-06,1.14094E-08,20,6.0629,0.0014576,4.5,6.063,-0.0014579,-1.09407E-05,2.043229E-07,30
3.6775,0.0004806974,4.45,3.6775,-0.0004808841,9.1277E-06,9.4507E-09,0,,,,,,,,,15.4768,0.0009630411,4.45,15.4771,-0.0009632158,-9.064679E-07,-1.03013E-08,10,,,,,,,,,27.9722,0.0012954,4.45,27.9726,-0.0012955,-5.9236E-06,-8.3606E-09,20,6.0761,0.0014527,4.45,6.0762,-0.001453,-5.9236E-06,1.655177E-07,30
3.6979,0.000477546,4.4,3.698,-0.0004776812,1.9162E-05,-1.01617E-08,0,,,,,,,,,15.4973,0.000957898,4.4,15.4976,-0.0009580709,3.42134E-05,-9.6667E-09,10,,,,,,,,,27.9927,0.0012898,4.4,27.9931,-0.00129,-3.10092E-05,-9.2153E-09,20,6.0894,0.0014476,4.4,6.0895,-0.0014479,1.9162E-05,2.063791E-07,30
3.7184,0.0004730079,4.35,3.7185,-0.000473192,-9.064679E-07,-1.14754E-08,0,,,,,,,,,15.5178,0.0009524775,4.35,15.5181,-0.0009526234,-1.59578E-05,9.2235E-09,10,,,,,,,,,28.0132,0.0012843,4.35,28.0136,-0.0012844,2.91962E-05,8.9929E-09,20,6.1026,0.0014423,4.35,6.1027,-0.0014426,-1.09407E-05,2.039896E-07,30
3.7389,0.000468722,4.3,3.739,-0.0004688037,2.91962E-05,-5.0124E-09,0,,,,,,,,,15.5384,0.0009488471,4.3,15.5386,-0.0009489917,2.41791E-05,1.3594E-08,10,,,,,,,,,28.0336,0.0012788,4.3,28.0341,-0.001279,1.41448E-05,1.52977E-08,20,6.1159,0.0014373,4.3,6.116,-0.0014375,-1.09407E-05,2.260324E-07,30
3.7669,0.000465621,4.25,3.7669,-0.0004658026,2.91962E-05,-1.46333E-08,0,,,,,,,,,15.5589,0.0009438553,4.25,15.5591,-0.000944099,4.1106E-06,3.7664E-09,10,,,,,,,,,28.0541,0.0012731,4.25,28.0546,-0.0012734,4.1106E-06,1.69846E-08,20,6.1291,0.0014323,4.25,6.1292,-0.0014325,1.41448E-05,2.104737E-07,30
3.7873,0.0004616376,4.2,3.7874,-0.0004617926,1.41448E-05,4.0666E-09,0,,,,,,,,,15.5869,0.0009381827,4.2,15.5871,-0.0009383993,-5.9236E-06,1.59329E-08,10,,,,,,,,,28.0853,0.0012674,4.2,28.0858,-0.0012677,1.41448E-05,1.00422E-08,20,6.1424,0.0014264,4.2,6.1425,-0.0014266,-1.09407E-05,1.658613E-07,30
3.8153,0.0004581837,4.15,3.8153,-0.0004583122,-1.09407E-05,-1.30862E-08,0,,,,,,,,,15.6074,0.0009332917,4.15,15.6077,-0.0009334815,-5.9236E-06,-4.0096E-09,10,,,,,,,,,28.1058,0.0012616,4.15,28.1063,-0.0012619,-1.59578E-05,-9.9502E-09,20,6.1556,0.0014212,4.15,6.1557,-0.0014214,-3.10092E-05,2.074021E-07,30
3.8357,0.0004531666,4.1,3.8358,-0.0004534196,-9.064679E-07,-9.3948E-09,0,,,,,,,,,15.6354,0.000927241,4.1,15.6357,-0.000927353,-9.064679E-07,1.35723E-08,10,,,,,,,,,28.1263,0.001255,4.1,28.1268,-0.0012552,-1.59578E-05,-8.0649E-09,20,6.1688,0.0014156,4.1,6.1689,-0.0014159,-1.09407E-05,2.151357E-07,30
3.8562,0.0004489311,4.05,3.8563,-0.0004490061,4.1106E-06,1.01582E-08,0,,,,,,,,,15.6559,0.0009225264,4.05,15.6562,-0.0009227126,-2.09749E-05,1.08165E-08,10,,,,,,,,,28.1468,0.0012495,4.05,28.1473,-0.0012498,9.1277E-06,1.11537E-08,20,6.1821,0.0014098,4.05,6.1822,-0.0014101,-1.59578E-05,2.162249E-07,30
3.8767,0.0004457293,4,3.8767,-0.0004458536,2.41791E-05,1.15833E-08,0,,,,,,,,,15.6765,0.0009172069,4,15.6767,-0.0009174164,-1.09407E-05,-8.8837E-09,10,,,,,,,,,28.1673,0.0012434,4,28.1678,-0.0012437,1.41448E-05,1.43219E-08,20,6.1954,0.0014043,4,6.1955,-0.0014046,1.9162E-05,2.171893E-07,30
3.8971,0.0004415442,3.95,3.8972,-0.0004417427,2.41791E-05,4.5758E-09,0,,,,,,,,,15.697,0.0009114838,3.95,15.6972,-0.0009118679,-9.064679E-07,-1.04594E-08,10,,,,,,,,,28.1878,0.0012375,3.95,28.1882,-0.0012377,-2.09749E-05,5.6821E-09,20,6.2086,0.0013986,3.95,6.2087,-0.001399,-2.09749E-05,1.673219E-07,30
3.9251,0.0004367792,3.9,3.9251,-0.0004368753,-5.9236E-06,1.47025E-08,0,,,,,,,,,15.7175,0.0009058365,3.9,15.7178,-0.0009060674,1.9162E-05,-4.14E-09,10,,,,,,,,,28.2158,0.0012308,3.9,28.2163,-0.0012308,2.41791E-05,1.69836E-08,20,6.2219,0.0013926,3.9,6.222,-0.001393,-9.064679E-07,2.101225E-07,30
3.9455,0.0004332496,3.85,3.9456,-0.0004332688,-1.09407E-05,-4.3212E-09,0,,,,,,,,,15.7455,0.0009001135,3.85,15.7458,-0.0009004181,-2.09749E-05,-1.34989E-08,10,,,,,,,,,28.2363,0.0012247,3.85,28.2368,-0.0012248,1.9162E-05,-2.3451E-09,20,6.2351,0.0013868,3.85,6.2352,-0.001387,1.41448E-05,2.270274E-07,30
3.9735,0.0004282073,3.8,3.9735,-0.0004282249,2.41791E-05,1.28139E-08,0,,,,,,,,,15.766,0.0008937602,3.8,15.7663,-0.0008939113,4.1106E-06,4.4761E-09,10,,,,,,,,,28.2644,0.0012176,3.8,28.2648,-0.0012179,3.92305E-05,1.51927E-08,20,6.2484,0.0013807,3.8,6.2484,-0.001381,-9.064679E-07,2.123517E-07,30
3.9939,0.0004246525,3.75,3.994,-0.0004247949,4.42476E-05,9.6302E-09,0,,,,,,,,,15.794,0.0008886424,3.75,15.7943,-0.0008889431,-9.064679E-07,-1.24897E-08,10,,,,,,,,,28.2849,0.0012114,3.75,28.2853,-0.0012116,4.1106E-06,1.13228E-08,20,6.2616,0.0013743,3.75,6.2617,-0.0013746,-9.064679E-07,2.194338E-07,30
4.0144,0.0004205683,3.7,4.0145,-0.0004207093,-2.09749E-05,-9.76E-09,0,,,,,,,,,15.8145,0.0008819866,3.7,15.8148,-0.0008821841,9.1277E-06,1.05975E-08,10,,,,,,,,,28.3054,0.0012047,3.7,28.3059,-0.001205,-9.064679E-07,-8.627E-09,20,6.2748,0.0013679,3.7,6.2749,-0.0013683,-1.09407E-05,1.744982E-07,30
4.0348,0.0004151983,3.65,4.0349,-0.0004154131,-2.59921E-05,-1.18363E-08,0,,,,,,,,,15.8426,0.0008764653,3.65,15.8428,-0.0008766357,2.41791E-05,6.6444E-09,10,,,,,,,,,28.3259,0.0011974,3.65,28.3264,-0.0011977,1.9162E-05,-8.9227E-09,20,6.2881,0.0013613,3.65,6.2882,-0.0013616,-9.064679E-07,2.076032E-07,30
4.0553,0.0004103829,3.6,4.0554,-0.0004105204,-2.59921E-05,-4.0793E-09,0,,,,,,,,,15.8705,0.0008694818,3.6,15.8708,-0.0008695993,-2.09749E-05,1.55803E-08,10,,,,,,,,,28.3465,0.0011903,3.6,28.3469,-0.0011905,-1.59578E-05,9.8991E-09,20,6.3013,0.0013548,3.6,6.3014,-0.0013552,2.41791E-05,2.393696E-07,30
4.0833,0.0004059457,3.55,4.0833,-0.0004061826,-5.9236E-06,-1.47102E-08,0,,,,,,,,,15.891,0.0008627251,3.55,15.8913,-0.0008629161,1.9162E-05,-2.0324E-09,10,,,,,,,,,28.367,0.0011834,3.55,28.3675,-0.0011837,2.41791E-05,1.47338E-08,20,6.3146,0.0013482,3.55,6.3147,-0.0013485,1.9162E-05,2.097153E-07,30
4.1037,0.0004010043,3.5,4.1038,-0.0004010125,9.1277E-06,4.5412E-09,0,,,,,,,,,15.9191,0.0008558676,3.5,15.9193,-0.000856031,-1.59578E-05,1.48231E-08,10,,,,,,,,,28.3876,0.0011761,3.5,28.388,-0.0011764,-2.09749E-05,4.8671E-09,20,6.3278,0.0013416,3.5,6.3279,-0.0013419,9.1277E-06,2.194516E-07,30
4.2609,0.0003966013,3.45,4.2609,-0.0003966225,-5.9236E-06,8.2154E-09,0,,,,,,,,,15.9396,0.0008494387,3.45,15.9398,-0.0008496504,-5.9236E-06,9.5256E-09,10,,,,,,,,,28.4156,0.001168,3.45,28.416,-0.0011683,-1.59578E-05,1.70533E-08,20,6.3411,0.0013345,3.45,6.3412,-0.0013349,9.1277E-06,1.849572E-07,30
4.2813,0.0003919664,3.4,4.2814,-0.0003919762,1.41448E-05,-1.14439E-08,0,,,,,,,,,15.96,0.000842909,3.4,15.9603,-0.0008430427,-5.9236E-06,-1.04087E-08,10,,,,,,,,,28.4361,0.0011612,3.4,28.4366,-0.0011613,-9.064679E-07,-2.846E-09,20,6.3543,0.0013275,3.4,6.3544,-0.0013278,-9.064679E-07,2.077279E-07,30
4.3017,0.0003866834,3.35,4.3018,-0.0003866867,3.42134E-05,-1.07792E-08,0,,,,,,,,,15.9805,0.0008357994,3.35,15.9808,-0.0008360064,-5.9236E-06,-9.6095E-09,10,,,,,,,,,28.4641,0.0011531,3.35,28.4646,-0.0011533,3.92305E-05,1.47167E-08,20,6.3675,0.0013204,3.35,6.3676,-0.0013207,1.9162E-05,2.460013E-07,30
4.3222,0.0003812592,3.3,4.3223,-0.0003812812,1.9162E-05,-6.086E-09,0,,,,,,,,,16.001,0.000828362,3.3,16.0013,-0.0008285413,9.1277E-06,9.3385E-09,10,,,,,,,,,28.4846,0.0011457,3.3,28.485,-0.0011458,1.41448E-05,1.20208E-08,20,6.3808,0.001313,3.3,6.3809,-0.0013132,4.1106E-06,2.078297E-07,30
4.3501,0.0003772295,3.25,4.3502,-0.0003772453,-2.09749E-05,-1.44253E-08,0,,,,,,,,,16.0215,0.0008211768,3.25,16.0218,-0.0008214797,4.1106E-06,1.35948E-08,10,,,,,,,,,28.5051,0.0011374,3.25,28.5055,-0.0011375,-9.064679E-07,1.02916E-08,20,6.394,0.0013052,3.25,6.3942,-0.0013056,1.41448E-05,2.119038E-07,30
4.3706,0.0003717398,3.2,4.3707,-0.000371759,2.91962E-05,3.0281E-09,0,,,,,,,,,16.042,0.0008138151,3.2,16.0423,-0.0008140397,4.1106E-06,3.738E-09,10,,,,,,,,,28.5331,0.0011288,3.2,28.5335,-0.0011291,-2.59921E-05,1.59911E-08,20,6.4073,0.0012978,3.2,6.4074,-0.0012981,-2.59921E-05,1.994828E-07,30
4.3986,0.0003677529,3.15,4.3986,-0.0003677837,-1.59578E-05,-1.36523E-08,0,,,,,,,,,16.0701,0.0008056214,3.15,16.0703,-0.0008058685,-9.064679E-07,1.59339E-08,10,,,,,,,,,28.5536,0.0011204,3.15,28.554,-0.0011206,1.41448E-05,1.4906E-09,20,6.4205,0.0012896,3.15,6.4206,-0.00129,-1.09407E-05,2.07308E-07,30
4.4191,0.0003617563,3.1,4.4191,-0.0003617727,-2.09749E-05,-8.5637E-09,0,,,,,,,,,16.0906,0.0007980327,3.1,16.0909,-0.0007983025,4.1106E-06,-3.8865E-09,10,,,,,,,,,28.5816,0.0011119,3.1,28.5821,-0.0011119,-9.064679E-07,1.68502E-08,20,6.4338,0.0012815,3.1,6.4339,-0.0012818,-2.59921E-05,2.50531E-07,30
4.4395,0.0003564128,3.05,4.4396,-0.0003564379,1.9162E-05,1.12148E-08,0,,,,,,,,,16.1186,0.0007900911,3.05,16.1189,-0.0007904086,-9.064679E-07,1.36638E-08,10,,,,,,,,,28.6022,0.0011028,3.05,28.6026,-0.001103,-1.09407E-05,8.504E-09,20,6.447,0.0012733,3.05,6.4471,-0.0012736,-2.09749E-05,2.089519E-07,30
4.46,0.0003515233,3,4.4601,-0.0003515444,9.1277E-06,1.09207E-08,0,,,,,,,,,16.1391,0.0007827295,3,16.1394,-0.0007828679,-9.064679E-07,1.07088E-08,10,,,,,,,,,28.6227,0.0010941,3,28.6232,-0.0010944,2.91962E-05,-1.14455E-08,20,6.4603,0.0012647,3,6.4604,-0.001265,1.41448E-05,2.033076E-07,30
4.4805,0.0003465025,2.95,4.4805,-0.0003465248,-2.09749E-05,5.9581E-09,0,,,,,,,,,16.1596,0.0007741072,2.95,16.1599,-0.0007744192,-1.09407E-05,-8.9656E-09,10,,,,,,,,,28.6433,0.0010845,2.95,28.6437,-0.0010847,1.9162E-05,1.16013E-08,20,6.4735,0.0012567,2.95,6.4736,-0.0012571,9.1277E-06,2.10125E-07,30
4.5084,0.0003407858,2.9,4.5084,-0.0003408089,-1.09407E-05,1.44847E-08,0,,,,,,,,,16.1802,0.0007654093,2.9,16.1805,-0.0007655922,-1.09407E-05,-1.03998E-08,10,,,,,,,,,28.6713,0.0010752,2.9,28.6717,-0.0010752,9.1277E-06,7.8893E-09,20,6.4868,0.001248,2.9,6.4869,-0.0012482,-1.59578E-05,2.079467E-07,30
4.5288,0.0003360753,2.85,4.5289,-0.0003360895,-3.60263E-05,-3.3082E-09,0,,,,,,,,,16.2007,0.0007565853,2.85,16.201,-0.00075674,-9.064679E-07,8.062E-09,10,,,,,,,,,28.6993,0.0010655,2.85,28.6997,-0.0010657,1.9162E-05,1.66937E-08,20,6.5,0.0012385,2.85,6.5001,-0.0012387,2.91962E-05,2.52381E-07,30
4.5568,0.0003302728,2.8,4.5569,-0.0003302829,-9.064679E-07,1.35341E-08,0,,,,,,,,,16.2213,0.000747963,2.8,16.2216,-0.0007481652,4.1106E-06,1.40037E-08,10,,,,,,,,,28.7197,0.0010559,2.8,28.7202,-0.001056,-2.09749E-05,-8.287513E-10,20,6.5132,0.0012293,2.8,6.5133,-0.0012296,-1.09407E-05,2.121227E-07,30
4.5773,0.0003253933,2.75,4.5774,-0.0003254171,1.9162E-05,8.7156E-09,0,,,,,,,,,16.2418,0.0007388365,2.75,16.2421,-0.0007390608,3.92305E-05,2.9213E-09,10,,,,,,,,,28.7478,0.0010454,2.75,28.7482,-0.0010455,3.42134E-05,1.60381E-08,20,6.5265,0.0012196,2.75,6.5266,-0.0012199,-9.064679E-07,1.933397E-07,30
4.5978,0.0003204129,2.7,4.5978,-0.0003204303,-2.59921E-05,-1.11412E-08,0,,,,,,,,,16.2698,0.0007291049,2.7,16.2701,-0.0007291494,-5.9236E-06,1.5962E-08,10,,,,,,,,,28.7683,0.0010353,2.7,28.7687,-0.0010354,-5.9236E-06,1.04175E-08,20,6.5397,0.0012103,2.7,6.5398,-0.0012106,4.1106E-06,2.167898E-07,30
4.6183,0.0003140683,2.65,4.6183,-0.000314099,-1.59578E-05,-1.0889E-08,0,,,,,,,,,16.2903,0.0007203565,2.65,16.2906,-0.0007205242,4.42476E-05,-4.761E-09,10,,,,,,,,,28.7888,0.001025,2.65,28.7892,-0.0010252,4.1106E-06,-9.6616E-09,20,6.553,0.0012005,2.65,6.5531,-0.0012009,-1.09407E-05,2.111582E-07,30
4.6388,0.0003084575,2.6,4.6388,-0.0003084589,2.91962E-05,-6.228E-09,0,,,,,,,,,16.3183,0.0007100451,2.6,16.3186,-0.0007104109,-5.9236E-06,1.29093E-08,10,,,,,,,,,28.8093,0.0010136,2.6,28.8097,-0.0010138,9.1277E-06,-8.2105E-09,20,6.5663,0.0011897,2.6,6.5664,-0.0011901,1.41448E-05,2.526889E-07,30
4.6667,0.0003032829,2.55,4.6667,-0.0003033056,3.42134E-05,-1.44195E-08,0,,,,,,,,,16.3388,0.0007008178,2.55,16.3391,-0.0007010543,-2.09749E-05,1.15009E-08,10,,,,,,,,,28.8298,0.0010026,2.55,28.8302,-0.0010028,9.1277E-06,1.09596E-08,20,6.5795,0.0011794,2.55,6.5796,-0.0011797,4.1106E-06,2.198461E-07,30
4.6871,0.0002975208,2.5,4.6872,-0.000297557,2.91962E-05,3.1172E-09,0,,,,,,,,,16.3593,0.0006912122,2.5,16.3596,-0.000691269,1.41448E-05,8.1345E-09,10,,,,,,,,,28.8503,0.0009914543,2.5,28.8508,-0.0009916386,-1.09407E-05,1.43849E-08,20,6.5928,0.0011685,2.5,6.5929,-0.0011689,-9.064679E-07,1.845984E-07,30
4.7151,0.0002922227,2.45,4.7152,-0.0002922347,-2.09749E-05,-1.36099E-08,0,,,,,,,,,16.3873,0.0006809008,2.45,16.3876,-0.0006810045,-9.064679E-07,1.51954E-08,10,,,,,,,,,28.8708,0.0009799327,2.45,28.8713,-0.0009800879,9.1277E-06,5.7508E-09,20,6.606,0.0011576,2.45,6.6061,-0.0011579,-1.09407E-05,2.225333E-07,30
4.7356,0.000286211,2.4,4.7356,-0.0002862313,4.1106E-06,-8.6989E-09,0,,,,,,,,,16.4079,0.0006708666,2.4,16.4081,-0.0006709922,-5.9236E-06,-4.266242E-10,10,,,,,,,,,28.8988,0.00096768,2.4,28.8993,-0.0009679067,2.91962E-05,1.69838E-08,20,6.6193,0.0011462,2.4,6.6194,-0.0011467,3.42134E-05,2.169654E-07,30
4.756,0.0002801311,2.35,4.7561,-0.0002801649,-5.9236E-06,1.11726E-08,0,,,,,,,,,16.4359,0.0006598493,2.35,16.4361,-0.0006601728,-9.064679E-07,1.55011E-08,10,,,,,,,,,28.9194,0.0009560072,2.35,28.9198,-0.0009562299,-2.09749E-05,-2.1117E-09,20,6.6325,0.0011342,2.35,6.6326,-0.0011347,-2.59921E-05,2.486427E-07,30
4.7765,0.0002748885,2.3,4.7766,-0.0002749107,3.42134E-05,1.08904E-08,0,,,,,,,,,16.4564,0.0006499412,2.3,16.4567,-0.0006500848,1.9162E-05,8.0536E-09,10,,,,,,,,,28.9474,0.0009427711,2.3,28.9478,-0.0009429642,1.9162E-05,1.52653E-08,20,6.6457,0.0011221,2.3,6.6458,-0.0011224,3.42134E-05,2.246633E-07,30
4.797,0.000269429,2.25,4.7971,-0.0002694371,-5.9236E-06,6.3455E-09,0,,,,,,,,,16.477,0.0006390499,2.25,16.4772,-0.0006391898,3.42134E-05,-1.20566E-08,10,,,,,,,,,28.9679,0.0009304428,2.25,28.9684,-0.0009306821,-2.59921E-05,1.12939E-08,20,6.659,0.0011095,2.25,6.6591,-0.0011099,4.1106E-06,1.837383E-07,30
4.825,0.000263334,2.2,4.8251,-0.000263353,2.41791E-05,1.43548E-08,0,,,,,,,,,16.4975,0.0006276796,2.2,16.4978,-0.000627866,-1.59578E-05,-8.046E-09,10,,,,,,,,,28.9884,0.0009176102,2.2,28.9889,-0.000917719,-5.9236E-06,-8.6501E-09,20,6.6722,0.0010965,2.2,6.6723,-0.0010969,-1.09407E-05,2.25386E-07,30
4.8455,0.0002580284,2.15,4.8455,-0.0002580433,-1.59578E-05,-2.6863E-09,0,,,,,,,,,16.5181,0.0006164606,2.15,16.5183,-0.0006166432,-1.59578E-05,1.20055E-08,10,,,,,,,,,29.009,0.0009039457,2.15,29.0094,-0.0009041002,-1.09407E-05,-8.917E-09,20,6.6855,0.0010841,2.15,6.6856,-0.0010846,2.41791E-05,2.285619E-07,30
4.8734,0.0002516384,2.1,4.8735,-0.000251659,1.41448E-05,1.37436E-08,0,,,,,,,,,16.5386,0.0006052667,2.1,16.5389,-0.0006054203,4.42476E-05,1.19803E-08,10,,,,,,,,,29.0295,0.0008899281,2.1,29.03,-0.0008901788,-5.9236E-06,9.9422E-09,20,6.6987,0.0010703,2.1,6.6988,-0.0010706,2.91962E-05,2.416141E-07,30
4.8938,0.0002462621,2.05,4.8939,-0.0002462737,-9.064679E-07,8.6107E-09,0,,,,,,,,,16.5592,0.0005939216,2.05,16.5594,-0.0005941218,-1.59578E-05,7.4325E-09,10,,,,,,,,,29.05,0.0008758098,2.05,29.0505,-0.00087598,4.1106E-06,1.47879E-08,20,6.7119,0.001056,2.05,6.7121,-0.0010563,1.9162E-05,2.335879E-07,30
4.9143,0.0002406033,2,4.9144,-0.000240626,-1.09407E-05,-1.11536E-08,0,,,,,,,,,16.5872,0.0005815933,2,16.5874,-0.000581764,-2.09749E-05,1.53797E-08,10,,,,,,,,,29.0706,0.000861641,2,29.0711,-0.0008618315,2.41791E-05,4.9846E-09,20,6.7251,0.0010417,2,6.7252,-0.001042,-1.09407E-05,1.883316E-07,30
4.9348,0.0002344302,1.95,4.9349,-0.0002344536,-9.064679E-07,-1.09345E-08,0,,,,,,,,,16.6077,0.0005700717,1.95,16.608,-0.0005702385,9.1277E-06,-1.0064E-09,10,,,,,,,,,29.0986,0.0008462368,1.95,29.0991,-0.0008464726,-5.9236E-06,1.70902E-08,20,6.7384,0.0010271,1.95,6.7386,-0.0010274,2.91962E-05,2.29473E-07,30
4.9552,0.0002285016,1.9,4.9553,-0.0002285133,-5.9236E-06,-5.8223E-09,0,,,,,,,,,16.6357,0.0005573903,1.9,16.6359,-0.000557578,9.1277E-06,1.52009E-08,10,,,,,,,,,29.1191,0.0008318916,1.9,29.1196,-0.0008320973,-5.9236E-06,-2.9426E-09,20,6.7517,0.0010117,1.9,6.7518,-0.0010119,1.9162E-05,2.424615E-07,30
4.9832,0.0002229892,1.85,4.9833,-0.0002229942,2.41791E-05,-1.44084E-08,0,,,,,,,,,16.6562,0.0005459192,1.85,16.6564,-0.0005461029,-1.59578E-05,8.7975E-09,10,,,,,,,,,29.1471,0.0008158825,1.85,29.1476,-0.0008161583,1.9162E-05,1.46948E-08,20,6.7649,0.0009960096,1.85,6.765,-0.0009964053,-2.09749E-05,2.372625E-07,30
5.0037,0.0002169901,1.8,5.0037,-0.0002170111,2.41791E-05,2.9823E-09,0,,,,,,,,,16.6767,0.0005332883,1.8,16.6769,-0.0005334173,-1.59578E-05,-1.11241E-08,10,,,,,,,,,29.1676,0.0008004279,1.8,29.1681,-0.0008005975,2.41791E-05,1.19985E-08,20,6.7782,0.000979471,1.8,6.7783,-0.000979861,4.1106E-06,2.415148E-07,30
5.0316,0.0002111901,1.75,5.0317,-0.0002112045,4.1106E-06,-1.35351E-08,0,,,,,,,,,16.6971,0.0005205314,1.75,16.6974,-0.0005208325,-5.9236E-06,-9.0996E-09,10,,,,,,,,,29.1881,0.0007846456,1.75,29.1886,-0.0007847846,4.1106E-06,1.04433E-08,20,6.7914,0.0009630334,1.75,6.7915,-0.0009633166,-5.9236E-06,1.945408E-07,30
5.052,0.0002050372,1.7,5.0521,-0.0002050548,1.9162E-05,-8.7934E-09,0,,,,,,,,,16.7176,0.0005075979,1.7,16.7179,-0.0005077434,2.41791E-05,1.0176E-08,10,,,,,,,,,29.2161,0.0007676783,1.7,29.2166,-0.0007678368,1.9162E-05,1.59216E-08,20,6.8047,0.0009455116,1.7,6.8048,-0.0009459401,-1.59578E-05,2.310685E-07,30
5.0725,0.0001990531,1.65,5.0726,-0.0001990792,3.42134E-05,1.08124E-08,0,,,,,,,,,16.7381,0.0004942864,1.65,16.7384,-0.0004944524,2.41791E-05,1.31944E-08,10,,,,,,,,,29.2367,0.0007510136,1.65,29.2371,-0.0007510908,4.1106E-06,1.68339E-08,20,6.8179,0.000927889,1.65,6.818,-0.0009281853,-1.09407E-05,2.567504E-07,30
5.0929,0.0001935634,1.6,5.093,-0.0001935702,-1.59578E-05,1.12544E-08,0,,,,,,,,,16.7586,0.0004814537,1.6,16.7589,-0.0004816659,-1.59578E-05,4.707E-09,10,,,,,,,,,29.2679,0.0007337186,1.6,29.2684,-0.0007338403,-1.59578E-05,1.07922E-08,20,6.8312,0.0009095353,1.6,6.8313,-0.000909926,2.91962E-05,2.355982E-07,30
5.1134,0.0001876903,1.55,5.1135,-0.0001877132,1.9162E-05,5.2498E-09,0,,,,,,,,,16.7866,0.0004680161,1.55,16.7869,-0.0004682489,4.1106E-06,1.58648E-08,10,,,,,,,,,29.2885,0.0007157681,1.55,29.2889,-0.0007160602,-2.59921E-05,-9.3463E-09,20,6.8444,0.0008906017,1.55,6.8445,-0.0008910615,-5.9236E-06,2.457315E-07,30
5.1414,0.0001814113,1.5,5.1414,-0.000181445,-3.60263E-05,1.45815E-08,0,,,,,,,,,16.8072,0.0004546036,1.5,16.8074,-0.000454731,-9.064679E-07,-3.4139E-09,10,,,,,,,,,29.309,0.0006979437,1.5,29.3094,-0.0006980027,9.1277E-06,-8.4477E-09,20,6.8577,0.0008711387,1.5,6.8578,-0.0008715412,4.42476E-05,2.043891E-07,30
5.1618,0.0001758005,1.45,5.1619,-0.0001758073,-1.59578E-05,-3.4656E-09,0,,,,,,,,,16.8352,0.000440687,1.45,16.8354,-0.0004408853,1.41448E-05,1.4053E-08,10,,,,,,,,,29.3295,0.0006790604,1.45,29.33,-0.0006792391,1.9162E-05,1.06905E-08,20,6.8709,0.0008507681,1.45,6.871,-0.000851214,1.9162E-05,2.333766E-07,30
5.1898,0.0001696273,1.4,5.1898,-0.0001696577,-1.59578E-05,1.33123E-08,0,,,,,,,,,16.8557,0.000426972,1.4,16.856,-0.0004271656,-1.59578E-05,1.02655E-08,10,,,,,,,,,29.35,0.0006603787,1.4,29.3505,-0.0006605763,-9.064679E-07,1.45822E-08,20,6.8841,0.0008300949,1.4,6.8842,-0.0008305336,-9.064679E-07,2.695812E-07,30
5.2102,0.0001640014,1.35,5.2103,-0.0001640276,-3.60263E-05,9.1854E-09,0,,,,,,,,,16.8763,0.0004132318,1.35,16.8765,-0.0004134711,-1.59578E-05,-9.7405E-09,10,,,,,,,,,29.3705,0.0006412181,1.35,29.371,-0.0006413587,2.91962E-05,5.1824E-09,20,6.8974,0.0008091697,1.35,6.8975,-0.0008095506,-5.9236E-06,2.369495E-07,30
5.2307,0.0001579442,1.3,5.2307,-0.0001579789,-9.064679E-07,-1.02884E-08,0,,,,,,,,,17.026,0.0003991583,1.3,17.0263,-0.0003991828,-5.9236E-06,-8.6644E-09,10,,,,,,,,,29.3985,0.0006211499,1.3,29.399,-0.0006212584,2.41791E-05,1.70604E-08,20,6.9106,0.0007871351,1.3,6.9107,-0.0007873066,4.1106E-06,2.43286E-07,30
5.2511,0.0001518568,1.25,5.2512,-0.0001518771,-1.59578E-05,-1.14722E-08,0,,,,,,,,,17.0465,0.000384545,1.25,17.0467,-0.0003845603,-1.09407E-05,-1.0754E-08,10,,,,,,,,,29.4191,0.0006013337,1.25,29.4196,-0.0006014607,-9.064679E-07,-2.4314E-09,20,6.9239,0.0007643946,1.25,6.924,-0.0007646843,-1.09407E-05,2.212584E-07,30
5.2716,0.0001458451,1.2,5.2717,-0.0001458713,-2.59921E-05,-4.6886E-09,0,,,,,,,,,17.0669,0.0003699922,1.2,17.0672,-0.0003700161,-1.09407E-05,-3.0483E-09,10,,,,,,,,,29.4471,0.0005805848,1.2,29.4476,-0.0005806542,2.91962E-05,1.50946E-08,20,6.9371,0.0007408726,1.2,6.9372,-0.0007411793,3.92305E-05,2.353107E-07,30
5.2995,0.000140257,1.15,5.2996,-0.0001402664,2.91962E-05,-1.45834E-08,0,,,,,,,,,17.095,0.0003560522,1.15,17.0952,-0.0003560696,9.1277E-06,-1.3647E-08,10,,,,,,,,,29.4676,0.0005597098,1.15,29.4681,-0.0005598983,3.42134E-05,1.16158E-08,20,6.9504,0.000716922,1.15,6.9505,-0.0007172456,1.41448E-05,2.767956E-07,30
5.32,0.0001339729,1.1,5.3201,-0.0001339881,9.1277E-06,3.8396E-09,0,,,,,,,,,17.1155,0.0003410632,1.1,17.1158,-0.0003410915,-2.59921E-05,5.0041E-09,10,,,,,,,,,29.4881,0.0005385071,1.1,29.4886,-0.0005385874,-1.59578E-05,-8.1905E-09,20,6.9636,0.0006919378,1.1,6.9637,-0.0006922273,1.41448E-05,2.373465E-07,30
5.348,0.0001282083,1.05,5.3481,-0.0001282219,-5.9236E-06,-1.30379E-08,0,,,,,,,,,17.1435,0.0003263642,1.05,17.1438,-0.0003263958,2.41791E-05,-1.22439E-08,10,,,,,,,,,29.5086,0.0005165731,1.05,29.5091,-0.0005168226,1.41448E-05,-9.2416E-09,20,6.9768,0.0006666006,1.05,6.9769,-0.0006668057,3.42134E-05,2.385909E-07,30
5.3684,0.000121967,1,5.3685,-0.0001219789,-9.064679E-07,-9.3068E-09,0,,,,,,,,,17.1641,0.0003112112,1,17.1643,-0.0003112184,-5.9236E-06,1.07902E-08,10,,,,,,,,,29.5291,0.000494841,1,29.5296,-0.0004951586,9.1277E-06,9.1547E-09,20,6.9901,0.0006407592,1,6.9902,-0.0006411065,-1.59578E-05,2.405987E-07,30
5.3889,0.0001161847,0.95,5.389,-0.0001162152,-1.59578E-05,1.02044E-08,0,,,,,,,,,17.192,0.0002966761,0.95,17.1923,-0.0002966943,-5.9236E-06,6.0358E-09,10,,,,,,,,,29.5497,0.0004729071,0.95,29.5501,-0.0004731416,1.9162E-05,1.52001E-08,20,7.0033,0.000614111,0.95,7.0034,-0.0006143734,-5.9236E-06,2.423063E-07,30
5.4093,0.0001102587,0.9,5.4094,-0.000110285,-1.09407E-05,1.17638E-08,0,,,,,,,,,17.22,0.0002814903,0.9,17.2203,-0.0002815144,9.1277E-06,1.57313E-08,10,,,,,,,,,29.5702,0.0004499647,0.9,29.5706,-0.0004502418,-5.9236E-06,3.9632E-09,20,7.0165,0.0005861518,0.9,7.0166,-0.0005864549,4.1106E-06,2.852163E-07,30
5.4297,0.0001042394,0.85,5.4298,-0.0001042614,-1.59578E-05,4.2609E-09,0,,,,,,,,,17.2405,0.0002665391,0.85,17.2408,-0.0002665615,-1.59578E-05,-2.4917E-09,10,,,,,,,,,29.5982,0.0004269216,0.85,29.5986,-0.0004270647,9.1277E-06,1.70849E-08,20,7.0297,0.0005580161,0.85,7.0298,-0.0005583346,1.41448E-05,2.447009E-07,30
5.4577,9.821E-05,0.8,5.4578,-9.82176E-05,1.9162E-05,1.4791E-08,0,,,,,,,,,17.2686,0.0002512097,0.8,17.2688,-0.0002512353,1.9162E-05,1.46508E-08,10,,,,,,,,,29.6187,0.0004038028,0.8,29.6191,-0.0004039632,-1.09407E-05,-3.9803E-09,20,7.043,0.0005293007,0.8,7.0431,-0.0005295838,-9.064679E-07,2.317251E-07,30
5.4782,9.22335E-05,0.75,5.4783,-9.22748E-05,2.41791E-05,-4.0728E-09,0,,,,,,,,,17.2891,0.0002361298,0.75,17.2894,-0.0002361487,-1.09407E-05,9.6644E-09,10,,,,,,,,,29.7759,0.0003803817,0.75,29.7763,-0.0003804084,9.1277E-06,1.23624E-08,20,7.0562,0.0004998792,0.75,7.0563,-0.0005002783,2.41791E-05,2.531852E-07,30
5.5062,8.61965E-05,0.7,5.5063,-8.62059E-05,2.41791E-05,1.30167E-08,0,,,,,,,,,17.3096,0.0002208029,0.7,17.3099,-0.0002208275,-1.09407E-05,-1.04817E-08,10,,,,,,,,,29.8039,0.000356491,0.7,29.8043,-0.000356511,-2.09749E-05,6.5393E-09,20,7.0695,0.0004695502,0.7,7.0696,-0.0004697873,3.42134E-05,2.493553E-07,30
5.5266,8.03311E-05,0.65,5.5267,-8.03463E-05,2.41791E-05,9.5715E-09,0,,,,,,,,,17.3302,0.0002051355,0.65,17.3305,-0.0002051683,-1.59578E-05,-9.3647E-09,10,,,,,,,,,29.8319,0.0003321969,0.65,29.8324,-0.0003322176,1.41448E-05,1.68714E-08,20,7.0827,0.0004388178,0.65,7.0828,-0.0004391703,9.1277E-06,2.913033E-07,30
5.5471,7.44378E-05,0.6,5.5472,-7.44464E-05,-1.59578E-05,-9.7775E-09,0,,,,,,,,,17.3507,0.0001897506,0.6,17.351,-0.0001897765,-2.09749E-05,9.939E-09,10,,,,,,,,,29.8524,0.0003081423,0.6,29.8529,-0.0003081663,-5.9236E-06,-1.2903E-09,20,7.0959,0.0004075055,0.6,7.096,-0.0004077462,1.9162E-05,2.558852E-07,30
5.5675,6.82319E-05,0.55,5.5676,-6.82488E-05,3.42134E-05,-1.17326E-08,0,,,,,,,,,17.3713,0.0001744513,0.55,17.3715,-0.0001744679,-3.10092E-05,1.32576E-08,10,,,,,,,,,29.8804,0.0002832328,0.55,29.8809,-0.0002832473,2.41791E-05,1.57294E-08,20,7.2376,0.0003754311,0.55,7.2377,-0.0003755704,1.9162E-05,2.594911E-07,30
5.588,6.21218E-05,0.5,5.5881,-6.21319E-05,-1.59578E-05,-3.9106E-09,0,,,,,,,,,17.3918,0.0001589,0.5,17.392,-0.0001589071,-1.09407E-05,4.7755E-09,10,,,,,,,,,29.901,0.0002586058,0.5,29.9014,-0.000258636,-1.59578E-05,1.08208E-08,20,7.2509,0.0003430072,0.5,7.251,-0.0003431598,9.1277E-06,2.880155E-07,30
5.6159,5.6221E-05,0.45,5.616,-5.62294E-05,1.9162E-05,-1.46687E-08,0,,,,,,,,,17.4198,0.0001431998,0.45,17.4201,-0.0001432151,-1.59578E-05,1.5926E-08,10,,,,,,,,,29.9215,0.0002335098,0.45,29.9219,-0.0002335228,1.41448E-05,-9.2092E-09,20,7.2641,0.0003100815,0.45,7.2642,-0.0003102221,-5.9236E-06,2.660465E-07,30
5.6364,5.0063E-05,0.4,5.6365,-5.00722E-05,-5.9236E-06,4.6162E-09,0,,,,,,,,,17.4403,0.0001275879,0.4,17.4406,-0.0001276014,-5.9236E-06,-3.1772E-09,10,,,,,,,,,29.942,0.000208212,0.4,29.9425,-0.0002082331,1.9162E-05,-8.425E-09,20,7.2774,0.0002764825,0.4,7.2775,-0.000276631,-2.59921E-05,2.781901E-07,30
5.6644,4.40714E-05,0.35,5.6645,-4.4089E-05,-9.064679E-07,-1.25851E-08,0,,,,,,,,,17.4683,0.0001117491,0.35,17.4686,-0.0001117656,-9.064679E-07,1.41465E-08,10,,,,,,,,,29.9625,0.0001826696,0.35,29.963,-0.0001826885,-1.09407E-05,1.06136E-08,20,7.2906,0.0002426011,0.35,7.2907,-0.0002427398,1.9162E-05,2.40217E-07,30
5.814,3.81225E-05,0.3,5.8141,-3.81229E-05,9.1277E-06,-1.15669E-08,0,,,,,,,,,17.4888,9.61245E-05,0.3,17.4891,-9.61493E-05,-5.9236E-06,1.05061E-08,10,,,,,,,,,29.983,0.0001570995,0.3,29.9835,-0.0001571212,-2.09749E-05,1.45941E-08,20,7.3038,0.0002084146,0.3,7.3039,-0.000208566,-9.064679E-07,2.661915E-07,30
5.8345,3.18487E-05,0.25,5.8346,-3.18494E-05,2.41791E-05,-1.0479E-08,0,,,,,,,,,17.5093,8.03764E-05,0.25,17.5096,-8.04018E-05,4.1106E-06,-9.175E-09,10,,,,,,,,,30.0036,0.000131373,0.25,30.0041,-0.0001314128,-5.9236E-06,5.4765E-09,20,7.3171,0.0001738422,0.25,7.3172,-0.0001739735,4.1106E-06,3.032434E-07,30
5.855,2.56302E-05,0.2,5.8551,-2.563E-05,-9.064679E-07,8.5117E-09,0,,,,,,,,,17.5298,6.45754E-05,0.2,17.5301,-6.45963E-05,1.9162E-05,-1.03069E-08,10,,,,,,,,,30.0316,0.0001055507,0.2,30.032,-0.0001055781,-3.10092E-05,1.70851E-08,20,7.3303,0.0001394817,0.2,7.3304,-0.0001396409,-5.9236E-06,2.686676E-07,30
5.8755,1.92911E-05,0.15,5.8756,-1.92932E-05,-1.59578E-05,1.24042E-08,0,,,,,,,,,17.5503,4.86357E-05,0.15,17.5506,-4.86622E-05,1.9162E-05,-3.9436E-09,10,,,,,,,,,30.0521,7.94913E-05,0.15,30.0525,-7.95038E-05,1.9162E-05,-2.7547E-09,20,7.3436,0.0001046093,0.15,7.3437,-0.000104776,-1.59578E-05,2.781672E-07,30
5.896,1.29583E-05,0.1,5.8961,-1.29607E-05,-1.59578E-05,3.1218E-09,0,,,,,,,,,17.7075,3.26677E-05,0.1,17.7078,-3.2669E-05,1.41448E-05,-4.005219E-10,10,,,,,,,,,30.08,5.3142E-05,0.1,30.0805,-5.31697E-05,1.41448E-05,1.48231E-08,20,7.3568,6.97948E-05,0.1,7.3569,-6.99514E-05,-1.59578E-05,2.637231E-07,30
5.9239,6.5048E-06,0.05,5.924,-6.5092E-06,4.1106E-06,1.49219E-08,0,,,,,,,,,17.7355,1.64274E-05,0.05,17.7357,-1.6427E-05,-5.9236E-06,1.54945E-08,10,,,,,,,,,30.2297,2.67593E-05,0.05,30.2302,-2.67603E-05,9.1277E-06,1.39033E-08,20,7.4985,3.4886E-05,0.05,7.4986,-3.50192E-05,9.1277E-06,3.068926E-07,30
6.0978,6.2117E-09,0,6.0979,-5.7345E-09,-3.50208E-05,-1.35616E-08,0,,,,,,,,,18.0534,2.20408E-08,0,18.0536,-2.35432E-08,-6.36183E-05,1.54063E-08,10,,,,,,,,,30.5476,2.72684E-08,0,30.5481,-2.92032E-08,-2.0973E-05,1.70662E-08,20,7.9443,-2.727E-06,0,7.9444,2.5874E-06,9.44188E-05,2.989835E-07,30
